5097507 ;W32-0-005
5858397 ;W32-0-005
5281267 ;W32-0-005
5532987 ;W32-0-005
5609777 ;W32-0-005
2812147 ;W32-0-005
5633697 ;W32-0-005
5793247 ;W32-0-005
4998447 ;W32-0-005
5302957 ;W32-0-005
5491347 ;W32-0-005
5700517 ;W32-0-005
5662437 ;W32-0-005
5916877 ;W32-0-005
4051137 ;W32-0-005
5823667 ;W32-0-005
5608547 ;W32-0-005
5684327 ;W32-0-005
3109497 ;W32-0-005
5865087 ;W32-0-005
4050037 ;W32-0-005
5833107 ;W32-0-005
5652027 ;W32-0-005
5016517 ;V03-0-C001
5256407 ;V03-0-C001
5255857 ;V03-0-C001
5293907 ;V03-0-C001
3973027 ;V03-0-C001
4396687 ;V03-0-C001
4344017 ;V03-0-C001
5261317 ;V03-0-C001
5277907 ;V03-0-C001
5236427 ;V03-0-C001
4605727 ;V03-0-C001
4673847 ;V03-0-C001
4139147 ;V03-0-C001
4073577 ;V03-0-C001
4665507 ;V03-0-C001
4293067 ;V03-0-C001
5272247 ;V03-0-C001
3952237 ;V03-0-C001
4612707 ;V03-0-C001
5401177 ;V03-0-C001
5266947 ;V03-0-C002
4256567 ;V03-0-C002
4975297 ;V03-0-C002
5093077 ;V03-0-C002
5263197 ;V03-0-C002
4999097 ;V03-0-C002
4995437 ;V03-0-C002
5534477 ;V03-0-C002
5312077 ;V03-0-C002
5255277 ;V03-0-C002
4612127 ;V03-0-C002
5020297 ;V03-0-C002
5273927 ;V03-0-C002
5292937 ;V03-0-C002
5422837 ;V03-0-C002
4670417 ;V03-0-C002
5267467 ;V03-0-C002
4333217 ;V03-0-C002
4267237 ;V03-0-C002
4553387 ;V03-0-C002
5259127 ;V03-0-C002
4037757 ;V03-0-C002
5282527 ;V03-0-C002
4250127 ;V03-0-C002
4636927 ;V03-0-C002
5262417 ;V03-0-C002
5376257 ;V03-0-C002
4978047 ;V03-0-C002
5306647 ;V03-0-C002
5432087 ;V03-0-C002
5267887 ;V03-0-C002
5098317 ;V03-0-C002
5272407 ;V03-0-C002
4208267 ;V03-0-C002
5093107 ;V03-0-C002
4122327 ;V03-0-C002
5247937 ;V03-0-C002
5685267 ;V03-0-C002
5307167 ;V03-0-D002
5449357 ;V03-0-D002
4185087 ;V03-0-D002
5247517 ;V03-0-D002
4573657 ;V03-0-D002
5280327 ;V03-0-D002
5224237 ;V03-0-D002
2853917 ;V03-0-D002
4609967 ;V03-0-D002
5288257 ;V03-0-D002
4293357 ;V03-0-D002
5090227 ;V03-0-D002
5253817 ;V03-0-D002
5300047 ;V03-0-D002
5096377 ;V03-0-D002
2234477 ;V03-0-D002
4984897 ;V03-0-D002
5231897 ;V03-0-D002
5110657 ;V03-0-D002
5339757 ;V03-0-D002
5340427 ;V03-0-D002
5281557 ;V03-0-D002
4632817 ;V03-0-D002
4756197 ;V03-0-D002
4616237 ;V03-0-D002
5113377 ;V03-0-D002
5261867 ;V03-0-D002
5261577 ;V03-0-D002
4081527 ;V03-0-D002
4983117 ;V03-0-D002
4639777 ;V03-0-D002
4670547 ;V03-0-D002
5285087 ;V03-0-D002
5262547 ;V03-0-D002
5006077 ;V03-0-D002
5335487 ;V03-0-D002
4754997 ;V03-0-D002
